{"cameraMode":{"drawMode":0,"name":"Shaded","section":"Shading Mode"},"sceneLighting":true,"audioPlay":false,"sceneViewState":{"m_AlwaysRefresh":false,"showFog":true,"showSkybox":true,"showFlares":true,"showImageEffects":true,"showParticleSystems":true,"showVisualEffectGraphs":true,"m_FxEnabled":true},"in2DMode":false,"pivot":{"x":-1.2875351905822755,"y":-0.9956663846969605,"z":-0.4833187758922577},"rotation":{"x":0.016613425686955453,"y":0.9639109373092651,"z":-0.061977632343769076,"w":0.25838398933410647},"size":9.083351135253907,"orthographic":false}